HDI Category,Male,Female
Low,0.0409548793108921,0.0323859908901275
Medium,0.325936780377315,0.192686104813623
High,0.444698151818213,0.261280915106606
Very High,0.18841018849358,0.513646989189644
